{
  "dynamic_10": {
    "1": 8215,
    "10": 1001,
    "12": 880,
    "14": 791,
    "16": 779,
    "2": 4353,
    "4": 1482,
    "6": 1593,
    "8": 1232
  },
  "dynamic_default": {
    "1": 8218,
    "10": 1016,
    "12": 976,
    "14": 896,
    "16": 805,
    "2": 4389,
    "4": 2325,
    "6": 1613,
    "8": 1220
  },
  "static_10": {
    "1": 8188,
    "10": 1036,
    "12": 1271,
    "14": 913,
    "16": 857,
    "2": 4387,
    "4": 2354,
    "6": 2311,
    "8": 1283
  },
  "static_default": {
    "1": 8132,
    "10": 1354,
    "12": 1160,
    "14": 1001,
    "16": 943,
    "2": 5306,
    "4": 2996,
    "6": 2128,
    "8": 1649
  }
}