{
  "pc_serial": {
    "1": 5296
  },
  "pc_static_block": {
    "1": 5381,
    "2": 4033,
    "4": 2457,
    "6": 1815,
    "8": 1482,
    "10": 1219,
    "12": 1123,
    "14": 1023,
    "16": 975,
    "32": 877
  },
  "pc_static_cyclic": {
    "1": 5350,
    "2": 2907,
    "4": 1670,
    "6": 1623,
    "8": 1028,
    "10": 916,
    "12": 1119,
    "14": 861,
    "16": 837,
    "32": 863
  },
  "pc_dynamic": {
    "1": 5392,
    "2": 2803,
    "4": 1534,
    "6": 1139,
    "8": 957,
    "10": 827,
    "12": 788,
    "14": 765,
    "16": 776,
    "32": 816
  }
}